{"0.009741857704985257":{"user_id":7},"0.22368367495426988":{"user_id":7},"0.6007222299569315":{"user_id":7},"0.37845834785096666":{"user_id":10},"0.4385247586602925":{"user_id":10},"0.9628912957549616":{"user_id":10},"0.6189718907517994":{"user_id":10},"0.5824433916405563":{"user_id":11},"0.7492406269265253":{"user_id":11},"0.5933898357464451":{"user_id":11},"0.23751855175461833":{"user_id":11},"0.5856945121354387":{"user_id":11}}